const <KW,6>
int <KW,1>
D4___ <IDN,D4___>
= <OP,12>
C44W_ <IDN,C44W_>
; <SE,27>
const <KW,6>
int <KW,1>
p_1h_ <IDN,p_1h_>
= <OP,12>
M83E_ <IDN,M83E_>
, <SE,28>
_0r_l <IDN,_0r_l>
= <OP,12>
_Su_8 <IDN,_Su_8>
; <SE,27>
struct <KW,29>
_d880 <IDN,_d880>
{ <SE,25>
void <KW,4>
wdQ_0 <IDN,wdQ_0>
( <SE,23>
int <KW,1>
hn537 <IDN,hn537>
) <SE,24>
{ <SE,25>
union <KW,30>
pM_M7 <IDN,pM_M7>
__x9T <IDN,__x9T>
= <OP,12>
_NUF7 <IDN,_NUF7>
; <SE,27>
struct <KW,29>
__YA_ <IDN,__YA_>
q4791 <IDN,q4791>
= <OP,12>
_q_54 <IDN,_q_54>
, <SE,28>
N_kwT <IDN,N_kwT>
; <SE,27>
int <KW,1>
s52_s <IDN,s52_s>
, <SE,28>
_i88T <IDN,_i88T>
= <OP,12>
_____ <IDN,_____>
; <SE,27>
union <KW,30>
vN_52 <IDN,vN_52>
_1B_R <IDN,_1B_R>
= <OP,12>
b__7U <IDN,b__7U>
, <SE,28>
___0S <IDN,___0S>
= <OP,12>
_4dZ_ <IDN,_4dZ_>
; <SE,27>
return <KW,5>
mS3__ <IDN,mS3__>
; <SE,27>
} <SE,26>
void <KW,4>
S16Fy <IDN,S16Fy>
( <SE,23>
struct <KW,29>
_m__5 <IDN,_m__5>
E__y_ <IDN,E__y_>
, <SE,28>
union <KW,30>
P____ <IDN,P____>
_1H__ <IDN,_1H__>
, <SE,28>
union <KW,30>
___C_ <IDN,___C_>
t10__ <IDN,t10__>
) <SE,24>
{ <SE,25>
struct <KW,29>
t_68_ <IDN,t_68_>
c2__3 <IDN,c2__3>
= <OP,12>
A7_32 <IDN,A7_32>
% <OP,9>
kV__1 <IDN,kV__1>
; <SE,27>
union <KW,30>
I49_7 <IDN,I49_7>
h_1Y8 <IDN,h_1Y8>
= <OP,12>
- <OP,9>
__dmE <IDN,__dmE>
, <SE,28>
_9_pO <IDN,_9_pO>
= <OP,12>
_7_S1 <IDN,_7_S1>
/ <OP,9>
WY_1s <IDN,WY_1s>
; <SE,27>
union <KW,30>
___29 <IDN,___29>
__9ND <IDN,__9ND>
= <OP,12>
( <SE,23>
o2C3P <IDN,o2C3P>
- <OP,9>
J06__ <IDN,J06__>
) <SE,24>
- <OP,9>
q_4j5 <IDN,q_4j5>
, <SE,28>
U5n__ <IDN,U5n__>
; <SE,27>
union <KW,30>
_545d <IDN,_545d>
_355_ <IDN,_355_>
, <SE,28>
HAXlq <IDN,HAXlq>
= <OP,12>
( <SE,23>
e_1B_ <IDN,e_1B_>
% <OP,9>
___8M <IDN,___8M>
) <SE,24>
% <OP,9>
( <SE,23>
G0z_p <IDN,G0z_p>
/ <OP,9>
P_83T <IDN,P_83T>
) <SE,24>
; <SE,27>
return <KW,5>
__rzQ <IDN,__rzQ>
; <SE,27>
} <SE,26>
} <SE,26>
__y2P <IDN,__y2P>
; <SE,27>
struct <KW,29>
_7_Z_ <IDN,_7_Z_>
{ <SE,25>
union <KW,30>
___rt <IDN,___rt>
_t_44 <IDN,_t_44>
; <SE,27>
struct <KW,29>
U_jj4 <IDN,U_jj4>
ma0__ <IDN,ma0__>
; <SE,27>
} <SE,26>
; <SE,27>
union <KW,30>
___R_ <IDN,___R_>
{ <SE,25>
int <KW,1>
_0s_f <IDN,_0s_f>
; <SE,27>
} <SE,26>
; <SE,27>
void <KW,4>
__4F0 <IDN,__4F0>
( <SE,23>
) <SE,24>
{ <SE,25>
switch <KW,31>
( <SE,23>
T1_40 <IDN,T1_40>
) <SE,24>
{ <SE,25>
case <KW,33>
683 <INT,683>
: <SE,35>
{ <SE,25>
switch <KW,31>
( <SE,23>
d0c50 <IDN,d0c50>
) <SE,24>
{ <SE,25>
case <KW,33>
883 <INT,883>
: <SE,35>
{ <SE,25>
struct <KW,29>
Jh_SD <IDN,Jh_SD>
__c5b <IDN,__c5b>
= <OP,12>
X0TPQ <IDN,X0TPQ>
; <SE,27>
int <KW,1>
_06GG <IDN,_06GG>
= <OP,12>
__c1b <IDN,__c1b>
, <SE,28>
_TY31 <IDN,_TY31>
; <SE,27>
struct <KW,29>
N_0_3 <IDN,N_0_3>
__86z <IDN,__86z>
, <SE,28>
x6__d <IDN,x6__d>
= <OP,12>
_8865 <IDN,_8865>
; <SE,27>
union <KW,30>
_A7_D <IDN,_A7_D>
_H_2u <IDN,_H_2u>
= <OP,12>
__v_3 <IDN,__v_3>
, <SE,28>
Z2__4 <IDN,Z2__4>
= <OP,12>
aqvp_ <IDN,aqvp_>
; <SE,27>
int <KW,1>
___8_ <IDN,___8_>
= <OP,12>
U_48_ <IDN,U_48_>
; <SE,27>
union <KW,30>
i_9__ <IDN,i_9__>
_bdk_ <IDN,_bdk_>
= <OP,12>
PG37_ <IDN,PG37_>
, <SE,28>
e_5VH <IDN,e_5VH>
; <SE,27>
struct <KW,29>
G___1 <IDN,G___1>
M2Ar4 <IDN,M2Ar4>
, <SE,28>
k__9_ <IDN,k__9_>
= <OP,12>
_839r <IDN,_839r>
; <SE,27>
struct <KW,29>
Zv__h <IDN,Zv__h>
__Gp_ <IDN,__Gp_>
= <OP,12>
_441_ <IDN,_441_>
, <SE,28>
_7__p <IDN,_7__p>
= <OP,12>
____4 <IDN,____4>
; <SE,27>
} <SE,26>
case <KW,33>
31 <INT,31>
: <SE,35>
{ <SE,25>
switch <KW,31>
( <SE,23>
u9Q__ <IDN,u9Q__>
) <SE,24>
{ <SE,25>
case <KW,33>
295 <INT,295>
: <SE,35>
{ <SE,25>
union <KW,30>
Om12_ <IDN,Om12_>
__s_3 <IDN,__s_3>
; <SE,27>
int <KW,1>
_I_19 <IDN,_I_19>
, <SE,28>
Jp_h1 <IDN,Jp_h1>
; <SE,27>
} <SE,26>
} <SE,26>
int <KW,1>
_2rB_ <IDN,_2rB_>
; <SE,27>
struct <KW,29>
_3Nj5 <IDN,_3Nj5>
_2v54 <IDN,_2v54>
, <SE,28>
_SQB0 <IDN,_SQB0>
; <SE,27>
} <SE,26>
default <KW,32>
: <SE,35>
{ <SE,25>
} <SE,26>
} <SE,26>
} <SE,26>
case <KW,33>
32 <INT,32>
: <SE,35>
{ <SE,25>
struct <KW,29>
_mb65 <IDN,_mb65>
_QJ7_ <IDN,_QJ7_>
= <OP,12>
tR26_ <IDN,tR26_>
; <SE,27>
int <KW,1>
_9y_N <IDN,_9y_N>
= <OP,12>
__y__ <IDN,__y__>
, <SE,28>
_6H_1 <IDN,_6H_1>
; <SE,27>
struct <KW,29>
_E6qH <IDN,_E6qH>
NX7d_ <IDN,NX7d_>
, <SE,28>
gj_SJ <IDN,gj_SJ>
= <OP,12>
f5_FU <IDN,f5_FU>
; <SE,27>
struct <KW,29>
P_8T7 <IDN,P_8T7>
_2rI3 <IDN,_2rI3>
= <OP,12>
__q_4 <IDN,__q_4>
, <SE,28>
_1AK0 <IDN,_1AK0>
= <OP,12>
_nV28 <IDN,_nV28>
; <SE,27>
switch <KW,31>
( <SE,23>
r23V_ <IDN,r23V_>
) <SE,24>
{ <SE,25>
case <KW,33>
3 <INT,3>
: <SE,35>
{ <SE,25>
switch <KW,31>
( <SE,23>
_v3u_ <IDN,_v3u_>
) <SE,24>
{ <SE,25>
case <KW,33>
954 <INT,954>
: <SE,35>
{ <SE,25>
int <KW,1>
W58f_ <IDN,W58f_>
= <OP,12>
( <SE,23>
__Sb5 <IDN,__Sb5>
/ <OP,9>
Z__fj <IDN,Z__fj>
) <SE,24>
+ <OP,9>
____x <IDN,____x>
; <SE,27>
struct <KW,29>
r_2_J <IDN,r_2_J>
__Uo_ <IDN,__Uo_>
= <OP,12>
( <SE,23>
_0__a <IDN,_0__a>
+ <OP,9>
q_3_p <IDN,q_3_p>
) <SE,24>
/ <OP,9>
ON__7 <IDN,ON__7>
, <SE,28>
a_i50 <IDN,a_i50>
= <OP,12>
_94_5 <IDN,_94_5>
* <OP,9>
O2vbg <IDN,O2vbg>
; <SE,27>
int <KW,1>
_059L <IDN,_059L>
= <OP,12>
( <SE,23>
t_Er7 <IDN,t_Er7>
+ <OP,9>
_Q__1 <IDN,_Q__1>
) <SE,24>
- <OP,9>
( <SE,23>
I__8_ <IDN,I__8_>
/ <OP,9>
__7P_ <IDN,__7P_>
) <SE,24>
, <SE,28>
H_97_ <IDN,H_97_>
; <SE,27>
union <KW,30>
yl6ks <IDN,yl6ks>
_F7_a <IDN,_F7_a>
, <SE,28>
A_4N8 <IDN,A_4N8>
= <OP,12>
( <SE,23>
__F2e <IDN,__F2e>
+ <OP,9>
_75J0 <IDN,_75J0>
) <SE,24>
- <OP,9>
( <SE,23>
A5y13 <IDN,A5y13>
/ <OP,9>
_2_m_ <IDN,_2_m_>
) <SE,24>
; <SE,27>
struct <KW,29>
_210_ <IDN,_210_>
u9_7P <IDN,u9_7P>
; <SE,27>
union <KW,30>
Le6__ <IDN,Le6__>
x_z_6 <IDN,x_z_6>
, <SE,28>
_Z5u6 <IDN,_Z5u6>
; <SE,27>
} <SE,26>
case <KW,33>
190 <INT,190>
: <SE,35>
{ <SE,25>
int <KW,1>
_B_HW <IDN,_B_HW>
= <OP,12>
- <OP,9>
y_FVj <IDN,y_FVj>
; <SE,27>
int <KW,1>
__qJW <IDN,__qJW>
= <OP,12>
( <SE,23>
_G2_Y <IDN,_G2_Y>
% <OP,9>
__SW0 <IDN,__SW0>
) <SE,24>
- <OP,9>
_z7B9 <IDN,_z7B9>
, <SE,28>
_O__c <IDN,_O__c>
= <OP,12>
o_805 <IDN,o_805>
+ <OP,9>
v3u_1 <IDN,v3u_1>
; <SE,27>
union <KW,30>
h8_s7 <IDN,h8_s7>
R_9_2 <IDN,R_9_2>
= <OP,12>
- <OP,9>
M_65_ <IDN,M_65_>
, <SE,28>
_1_ZG <IDN,_1_ZG>
; <SE,27>
union <KW,30>
b_5_7 <IDN,b_5_7>
_x7_8 <IDN,_x7_8>
, <SE,28>
_j_2v <IDN,_j_2v>
= <OP,12>
m_6RS <IDN,m_6RS>
/ <OP,9>
_167y <IDN,_167y>
; <SE,27>
struct <KW,29>
_860C <IDN,_860C>
Kx4zh <IDN,Kx4zh>
= <OP,12>
( <SE,23>
V_25r <IDN,V_25r>
% <OP,9>
h_v_p <IDN,h_v_p>
) <SE,24>
* <OP,9>
ZK5__ <IDN,ZK5__>
; <SE,27>
struct <KW,29>
y4w_C <IDN,y4w_C>
X0RP_ <IDN,X0RP_>
= <OP,12>
( <SE,23>
HqQ3a <IDN,HqQ3a>
/ <OP,9>
K_F__ <IDN,K_F__>
) <SE,24>
+ <OP,9>
o__4_ <IDN,o__4_>
, <SE,28>
N_3vG <IDN,N_3vG>
= <OP,12>
- <OP,9>
z0K9U <IDN,z0K9U>
; <SE,27>
union <KW,30>
GUh32 <IDN,GUh32>
H0J_0 <IDN,H0J_0>
= <OP,12>
k_6__ <IDN,k_6__>
% <OP,9>
U1_e6 <IDN,U1_e6>
, <SE,28>
_____ <IDN,_____>
; <SE,27>
int <KW,1>
H8_1_ <IDN,H8_1_>
, <SE,28>
_3___ <IDN,_3___>
= <OP,12>
_xp_q <IDN,_xp_q>
/ <OP,9>
o9331 <IDN,o9331>
; <SE,27>
} <SE,26>
} <SE,26>
} <SE,26>
default <KW,32>
: <SE,35>
{ <SE,25>
int <KW,1>
uOl4_ <IDN,uOl4_>
= <OP,12>
__Z8W <IDN,__Z8W>
* <OP,9>
_1_9_ <IDN,_1_9_>
; <SE,27>
int <KW,1>
I5g64 <IDN,I5g64>
= <OP,12>
( <SE,23>
f_48_ <IDN,f_48_>
% <OP,9>
t1S_5 <IDN,t1S_5>
) <SE,24>
+ <OP,9>
_L_8_ <IDN,_L_8_>
, <SE,28>
fk__2 <IDN,fk__2>
= <OP,12>
- <OP,9>
ko_42 <IDN,ko_42>
; <SE,27>
union <KW,30>
__55b <IDN,__55b>
m0U21 <IDN,m0U21>
= <OP,12>
( <SE,23>
a5_39 <IDN,a5_39>
/ <OP,9>
__S9d <IDN,__S9d>
) <SE,24>
% <OP,9>
_bFE0 <IDN,_bFE0>
, <SE,28>
__9i_ <IDN,__9i_>
; <SE,27>
int <KW,1>
_G__4 <IDN,_G__4>
, <SE,28>
F___4 <IDN,F___4>
= <OP,12>
___r5 <IDN,___r5>
* <OP,9>
_46__ <IDN,_46__>
; <SE,27>
} <SE,26>
} <SE,26>
} <SE,26>
} <SE,26>
} <SE,26>
